Project,heures
WEB,10454.771666666666
ORGANISATION,3652.1
DATA,3225.761944444444
E-COMMERCE,3139.845
POINTINY,1460.9363888888893
MOBILE,405.97194444444443
INCONNU,381.35055555555556
HELPDESK,123.57361111111113
SYSTEM MONITORING,78.60333333333313
ARTFIN,54.25
AUTOMATION,14.68333333333341
REPLICATION,1.43361111111112
